WKT,name,description
"POLYGON ((106.8231167 -6.1712132, 106.8232884 -6.1804291, 106.8312706 -6.1802584, 106.8298115 -6.1714265, 106.8231167 -6.1712132))",Taman Monas,
